k,knn,svm,ridge,lasso,linear,rf,xgb
10000,0.878818285641761,0.9437915783217848,0.829715769759841,-0.01293196486051467,0.830599167850077,0.8911875527857431,0.9147074176379221
