k,knn,svm,ridge,lasso,linear,rf,xgb
10000,0.8239695585493392,0.8184826138256351,0.6113789548872401,-0.012961365754639345,0.6136636284300506,0.8298912422616082,0.8069765980291974
