k,knn,svm,ridge,lasso,linear,rf,xgb
10000,0.8762689769609189,0.9239662697552216,0.709457724276312,-0.015455975694997058,0.7143905068693788,0.9027215838061539,0.9105744703439219
