k,knn,svm,ridge,lasso,linear,rf,xgb
10000,0.9143941365237733,0.9267133419064115,0.7117420047102112,-0.013020197515121975,0.7149074099992153,0.9257947483645834,0.9226983563106822
