k,knn,svm,ridge,lasso,linear,rf,xgb
10000,0.6065316035002719,0.6324194311913313,0.24823824617250048,-0.013863614170293585,0.2504284494764419,0.5813158514856165,0.43233612184349113
