k,knn,svm,ridge,lasso,linear,rf,xgb
10000,0.8245487810069584,0.8181023688876212,0.6124612328933459,-0.013071714223014334,0.6132371059701447,0.8292533533767821,0.8066916593930419
