k,knn,svm,ridge,lasso,linear,rf,xgb
10000,0.7804885723952101,0.8785162951297196,0.5778863482347064,-0.02014064251112754,0.5866573425497522,0.8463003149857597,0.8468460684301242
