k,knn,svm,ridge,lasso,linear,rf,xgb
10000,0.4983987054483875,0.6243398121466093,0.3430550567319318,-0.01577087460244782,0.34358975555202126,0.5587030289018631,0.524258330286754
