k,knn,svm,ridge,lasso,linear,rf,xgb
10000,0.4443789474032589,0.5887890251101883,0.3206715715963025,-0.0194495243421632,0.32354169369127705,0.5008302856756791,0.4401667323461714
