k,knn,svm,ridge,lasso,linear,rf,xgb
10000,0.8995066454727914,0.9230236443874903,0.6422913028008425,-0.012980390660111215,0.6433992068990703,0.906630399920429,0.8965599726118446
