k,knn,svm,ridge,lasso,linear,rf,xgb
10000,0.9240139195590152,0.9465745291892416,0.7707079656371524,-0.013237694342267679,0.7726723071515867,0.934663108431109,0.9390216920856381
