k,knn,svm,ridge,lasso,linear,rf,xgb
10000,0.7579828380334767,0.8302622494116056,0.4827900649872184,-0.013833199494306052,0.4837293809886765,0.813506775200371,0.8192527353768634
