k,knn,svm,ridge,lasso,linear,rf,xgb
10000,0.8949363170340463,0.9403162188521421,0.8365911206661918,-0.013031547102285691,0.837433238794826,0.9016143218421708,0.9111426009410508
