k,knn,svm,ridge,lasso,linear,rf,xgb
10000,0.6842794870391242,0.7381263284930544,0.5390066627569178,-0.014101327667948934,0.5378361771775252,0.6917454066193423,0.6467134319241116
