k,knn,svm,ridge,lasso,linear,rf,xgb
10000,0.7591381100916167,0.8308821915008477,0.4829830410105865,-0.013673980094789193,0.4830142529030376,0.8141843605763278,0.8200146400723204
