k,knn,svm,ridge,lasso,linear,rf,xgb
10000,0.6065895597479369,0.6352475579625574,0.24983684823659033,-0.014049428477733291,0.2526493258639074,0.5824598725992451,0.43147798645332075
