k,knn,svm,ridge,lasso,linear,rf,xgb
10000,0.8826029353400922,0.9135982967355226,0.6012747609061816,-0.013969095803556559,0.6045002104538971,0.8907059297950108,0.877855585273893
